0.597201073419497,0.6172686853628534,0
0.49124566721111984,0.48565253057269275,0
0.031107315512949207,0.8446855964070165,1
0.8969187677653652,0.05522421768841779,1
0.35899244567599076,0.34248944319111774,0
0.7961158254500572,0.7124664242327874,0
0.9853173540544659,0.1321735532999655,1
0.8860592358709155,0.4670670143861222,1
0.6371897680124297,0.4272555476083397,1
0.5796496016211071,0.37843873281073637,1
0.023693276386831608,0.28412675429570244,0
0.43931795893645254,0.10029376993135553,0
0.6715842471887772,0.3420429268284536,1
0.8005907189412238,0.6232484191589739,0
0.5580583436462866,0.7789568830306445,0
0.9148239314447127,0.819718653550935,0
0.45359780054022847,0.48216304997006953,0
0.3199560902249854,0.5203651933332551,1
0.9719450452511235,0.5114145371672775,0
0.19025151665077333,0.2572400162446221,0
0.44420892615972885,0.4137240720970674,0
0.6767460035400943,0.5415295450749245,0
0.4693228083632598,0.8746985679555972,1
0.5004020172860814,0.2721633913520266,1
0.7894240354090772,0.48758443979882105,1
0.60000551605147,0.7943620125215217,0
0.04429645504186075,0.8289714342407374,1
0.2646175313400345,0.2729163567244719,0
0.9425157338599103,0.39259012912182667,1
0.25705083079681934,0.5855980072719078,1
0.4131149537856037,0.5528782028276046,1
0.8790739119376246,0.1202293295296637,1
0.6066468967665715,0.2487664008933287,1
0.5408601546649712,0.5857225902209716,0
0.42521520232666454,0.6739656009190998,1
0.331132642832326,0.7972146946458182,1
0.43177207007503093,0.9786097788945035,1
0.5280990993689562,0.8970090458660532,0
0.12431303821462292,0.13004166994863542,0
0.8209465392074723,0.038523040177687706,1
0.6738744980037754,0.08764692543326624,1
0.43953710876662955,0.2302207835144625,0
0.18669901505507625,0.633032087919667,1
0.4448020807322285,0.36396895306186705,0
0.3675531305258568,0.9659305941815979,1
0.6582367233777329,0.6400508709361904,0
0.372199460138253,0.36750510284532234,0
0.09144523257419401,0.2784215437311409,0
0.16231530272190886,0.34302269081453485,0
0.755528732811316,0.6839333739145765,0
0.4053203500571356,0.30581854715075873,0
0.38769531627082654,0.03189761250914058,0
0.7315189165964826,0.918358690545101,0
0.39207953059590317,0.02236390249352671,0
0.38467454581721217,0.4131135602897277,0
0.06265966547074953,0.26784995163312497,0
0.8451765261718147,0.14047652863255677,1
0.7012780632429297,0.5773943559958169,0
0.1710112944842802,0.31919438631411756,0
0.9583718202235971,0.17302412962730163,1
0.7699108664892045,0.80556912059739,0
0.7064624074355712,0.7278849255524955,0
0.5860412873231795,0.9742041510151105,0
0.09489432553353072,0.2776860837259073,0
0.17500574776310618,0.4209357216183529,0
0.18667390409565698,0.11627124027000713,0
0.4251939094219428,0.3765132059189906,0
0.9192010411481708,0.29497934650254143,1
0.72441951629823,0.1695057176719572,1
0.7271921002143895,0.6009994427391204,0
0.16348777331896158,0.7452778805088043,1
0.987194973528886,0.6280174725682488,0
0.20548129777464386,0.039067229426121175,0
0.14146216229949338,0.9108208442092083,1
0.4994232073025723,0.720194523627324,1
0.24188110935402374,0.30491802259948575,0
0.07992694828010094,0.26703667057728264,0
0.11702362741988837,0.2667574074480591,0
0.38170023175988577,0.7584440165724248,1
0.7038714540585975,0.9556457425011813,0
0.2629404607740117,0.19207301369508856,0
0.17791079884913608,0.004844681572401144,0
0.07765715067534729,0.20053776867658624,0
0.8250137559577423,0.6320734217946856,0
0.7590202542710481,0.5118203574272133,0
0.7825434775379642,0.9621635146032307,0
0.7006822042256955,0.8213768861516331,0
0.882577263302728,0.24451322401391196,1
0.6503460950678472,0.6696677019533605,0
0.06691894392545661,0.9710973033033684,1
0.5394909639747149,0.07981688383279839,1
0.9397274202475282,0.07694348573264842,1
0.41025758779200205,0.7569064452252269,1
0.4187118686703635,0.4045717009990355,0
0.47369866494408264,0.043228669271996645,0
0.7262959154743931,0.7918971094264109,0
0.049853964297318476,0.11174086526684135,0
0.43685230859578716,0.7133135101893774,1
0.32392543786165573,0.3785808797516065,0
0.2031954241795496,0.7697580906399583,1
0.9043103067289444,0.27193273604344914,1
0.9614524605981127,0.3319139449397953,1
0.8170267987371751,0.7249988304452242,0
0.3730431979573212,0.43395699084017536,0
0.1431250039764741,0.2329134703340877,0
0.2457462740184312,0.9424078253145182,1
0.770202740409582,0.02754445584688814,1
0.15327862624629163,0.7394593634221843,1
0.7596038671372345,0.8454652733761845,0
0.12867333766531242,0.8798424224147426,1
0.5758312493766703,0.3449183086181943,1
0.8426448135609775,0.6661217243504169,0
0.12515140340457942,0.606361238915282,1
0.9150587819230638,0.9445244449623641,0
0.5504663543724205,0.9293079555228723,0
0.8579390781760633,0.9134447089831497,0
0.4966368746944251,0.4364906969067328,0
0.6353018475714275,0.008737443421255708,1
0.9926649073029794,0.10512563837627797,1
0.7971072876531522,0.6590377051171962,0
0.03690356785343318,0.7065616126299702,1
0.9398630487734906,0.7619232288639702,0
0.9248918063131211,0.1954626160639914,1
0.5037674243991513,0.1588343403894028,1
0.6435144134057668,0.6426129840376863,0
0.5809380052864641,0.8052067599958942,0
0.4920240038227548,0.9924597942520734,1
0.9178789693546104,0.36876924696838176,1
0.20504896548989127,0.8183243871721609,1
0.16526273098097521,0.012821278488475585,0
0.9977339348007053,0.761911187338005,0
0.6443117160065331,0.6850063331496146,0
0.9200523374400768,0.10064349042969489,1
0.1375809871335918,0.9654528875649808,1
0.664783210194198,0.039808191222004075,1
0.22061243608547176,0.436308330519416,0
0.38881609270520234,0.34745231514076635,0
0.08945498706593302,0.9429127284307897,1
0.21039053859296486,0.5983536033837002,1
0.4468578788988459,0.5392155633382141,1
0.33614888291435774,0.640621356086635,1
0.10800369003267407,0.4010872318999562,0
0.9721638453195371,0.1205009288272858,1
0.149348327911911,0.6508726068689298,1
0.7545471250768179,0.5118688361702334,0
0.8334567069907447,0.6747046455988028,0
0.5337850209499396,0.9479021686012986,0
0.5935100203896926,0.10817983811373466,1
0.332923216308725,0.5408297380491013,1
0.2801804260124904,0.8543950253409549,1
0.6272770726671245,0.03881738937999957,1
0.03344558763796046,0.46160002515584453,0
0.9331406316744256,0.5564297586535544,0
0.0797035973552307,0.8656613287215825,1
0.5868736244401016,0.7216129868368989,0
0.35045820463935795,0.8981376031582482,1
0.15255682640284307,0.09254578040687644,0
0.179838686003148,0.5176291999746777,1
0.982172530532375,0.11819937178422191,1
0.6136895357509127,0.2409013816053276,1
0.6876609385927086,0.13603485801790605,1
0.4450949887382454,0.5453194229223262,1
0.42284499873977077,0.02183376953630367,0
0.11467408792892042,0.8117090574936762,1
0.9274487875340871,0.6609540805253575,0
0.2707823953253393,0.011998179423445166,0
0.872706493505657,0.5373585039742257,0
0.13453895831455698,0.11453894433256184,0
0.8680190440544073,0.8716599731205802,0
0.29340863063656764,0.3927247763914483,0
0.4181274587472984,0.3337357535310056,0
0.8953441551855958,0.9077193005305217,0
0.606841924141766,0.6779563412691005,0
0.5205548469108824,0.00887073472247335,1
0.8627979324648266,0.6701611572178029,0
0.912441973925542,0.3486467164682878,1
0.9137367631625994,0.9275599664629312,0
0.34293638469340926,0.915366340739299,1
0.6214374965701203,0.03167611641112289,1
0.27716642060035834,0.35289080267437634,0
0.5487095760928153,0.3626520078545775,1
0.5638271722522714,0.13438242477874085,1
0.41311168272887255,0.6279864798388057,1
0.7262287299350139,0.05751645414287121,1
0.4258904193438703,0.5012602740256996,1
0.9514989345603992,0.6911072751310315,0
0.7986148492426507,0.9955210185502492,0
0.680377970714743,0.3882892661974867,1
0.3115734778860988,0.5771060155902832,1
0.9583887528580528,0.09234969632700563,1
0.5299565772511312,0.6432381891117545,0
0.8196368855175516,0.8634830763832633,0
0.1629002910111188,0.3990377264118353,0
0.3669568879274525,0.9963764119889479,1
0.013301901607040922,0.5494128006703584,1
0.9128480023571881,0.15015597412665993,1
0.6770259193587856,0.596577175229917,0
0.9252014127119342,0.45270404660923735,1
0.23874135470506452,0.04020560945785079,0
0.9721600798405586,0.2539091477780344,1
0.70141809652053,0.13902827653797345,1
0.13967426333355837,0.646781730618384,1
0.32821834702618047,0.2112816237160765,0
0.3636499179147542,0.50628776507983,1
0.5926251303634967,0.19282232880940697,1
0.7808923834003062,0.3058882744806374,1
0.9047297231549851,0.5203955852588309,0
0.3195350005094443,0.8971727722186654,1
0.7497924907054995,0.659671670609928,0
0.7690370057689134,0.014501874455047692,1
0.35728147653199505,0.5127523751731913,1
0.8523995962325683,0.49757770385674327,1
0.7027072622854467,0.04817313536180512,1
0.392510586268224,0.433144699574768,0
0.009215275193503514,0.6316203976715044,1
0.4961971997380411,0.577854365970751,1
0.5923666269707718,0.10664731203329603,1
0.5066571993230935,0.11553721669017714,1
0.6725418609926119,0.6755818369722387,0
0.3274503418346968,0.801149168456281,1
0.4129035352221553,0.3879475963489324,0
0.1722106714103524,0.8687475284347695,1
0.2567545881966419,0.3164697565551764,0
0.2557987600309377,0.7966979240190002,1
0.02657280083062563,0.7579931081964957,1
0.0022924684752525515,0.24718128225518765,0
0.3486123631810333,0.5271395427243053,1
0.6776225219399912,0.16415938165016364,1
0.883343598085739,0.8275994794588073,0
0.1878638572728082,0.4704945196872502,0
0.40762722359405934,0.45784258160264024,0
0.8589421421741096,0.5655938059750271,0
0.9181763626607368,0.5921363726512718,0
0.14526394461825354,0.026170538450353664,0
0.6670401034713996,0.5556290400039398,0
0.12108442969664523,0.538844918397042,1
0.6669366289712477,0.38245130549248685,1
0.39415101258498153,0.041009175407258014,0
0.8158323893718783,0.2829248619106888,1
0.7924111834380975,0.9798963721726106,0
0.5416437034596194,0.6078071173515609,0
0.3107315778142634,0.47225154459970486,0
0.9575715432805478,0.582270100660016,0
0.29368689420224636,0.7616336882891045,1
0.4659560924703883,0.690403960508526,1
0.5545860931843417,0.6760584052608186,0
0.9297132803391799,0.43727716860981614,1
0.9729995718359616,0.7048191193425933,0
0.4583225581351684,0.681947757620697,1
0.07792345648963228,0.8214337308862857,1
0.377638457045709,0.9843000556643189,1
0.7479660583720339,0.4247555974929603,1
0.483182477889457,0.7663289105851566,1
0.7347096805975959,0.8732109793021354,0
0.9629906098530677,0.4356413840900649,1
0.5958240880290363,0.3502642907875577,1
0.9196380980678017,0.04774815263020982,1
0.8744620091335304,0.9086117345481932,0
0.664596928349717,0.24766578937006312,1
0.0681555694692535,0.7315220245191059,1
0.18808363178180632,0.06558053621032867,0
0.5802967686677879,0.36411372532422936,1
0.7342051758570374,0.16230814185993347,1
0.8314730577793468,0.9104655266150424,0
0.9159336554779716,0.9330191815969365,0
0.5870092100136947,0.35646652493322484,1
0.6900288511469873,0.5299380330294953,0
0.5167173289534144,0.6956484267809633,0
0.043114078511025,0.9328447225928758,1
0.9081373430848506,0.6921940252717081,0
0.516176824170272,0.6252765266066717,0
0.20664883102923093,0.12316619805149787,0
0.7365139506883699,0.2720094557376119,1
0.1925958025281025,0.18483584110515439,0
0.42043024024660103,0.9673535659302396,1
0.5441188884638224,0.1743476664945326,1
0.790855482441904,0.19071249209948493,1
0.8011037196339245,0.8426456852383605,0
0.05797714500102946,0.5144073378404623,1
0.9755171655066013,0.3352323183777377,1
0.18915185523790767,0.2618806959745572,0
0.7117344916499555,0.6520082501085935,0
0.5663509527539509,0.5158314494279012,0
0.36405275827673045,0.9871064248848149,1
0.16004532765532697,0.8876507760415502,1
0.27198403620626355,0.9731631819123205,1
0.07689621202815766,0.4588429228891604,0
0.5797177656673324,0.3437487844931896,1
0.10881960313125205,0.1942125659242746,0
0.9721021060307884,0.7451078172211771,0
0.061244097210927384,0.9848119108471824,1
0.4348832127122443,0.12849347779268105,0
0.5942006806107031,0.3082303781694582,1
0.46840772713846235,0.5476875808936661,1
0.6120308524309731,0.3572605783734033,1
0.7127764442671659,0.23261631693094187,1
0.8183243767145345,0.6753560413369903,0
0.8148010916804688,0.7745122519841307,0
0.6312649445237334,0.864738943183426,0
0.6837316971963331,0.96129387365251,0
0.8756731264190134,0.6521322571932756,0
0.3410410181679916,0.8226598155236393,1
0.8368390550128438,0.9824875207334954,0
0.22285126820039292,0.16542303413699933,0
0.10204270870810084,0.7686035875722503,1
0.8927565501983656,0.3038381327530024,1
0.10285140465227527,0.30568807022681277,0
0.3022199960137745,0.11606706340566031,0
0.058182173929296255,0.7696062171818087,1
0.15897918451923354,0.556087471057412,1
0.9611135844247496,0.7253137303377621,0
0.19747590585353547,0.5722702112377093,1
0.043981697467299075,0.6123067580031414,1
0.7561209094801752,0.8716640285746713,0
0.49620133733939387,0.10217629685795193,0
0.9116885433507379,0.3790776042028221,1
0.26987608784457784,0.9420326889958447,1
0.6780603326148347,0.3170756251349175,1
0.012787974095413213,0.174828522888838,0
0.03199442378577144,0.5850294779011801,1
0.8593717311404232,0.3066398517844672,1
0.02331091918785544,0.49504393504775446,0
0.7503753695768851,0.9678918677510211,0
0.8691780081054924,0.5348556427439994,0
0.2754109621344758,0.5941838668295015,1
0.7694498881798522,0.03852968625133779,1
0.25439649676581877,0.8414807080909994,1
0.5542927272988559,0.25985385753664203,1
0.4866926644834103,0.5301983723754318,1
0.7657498803884154,0.7087596442349926,0
0.06676476127500808,0.6615448906914401,1
0.15100616446495907,0.008455876437488352,0
0.7339074401125606,0.7133896872177097,0
0.7609824199573565,0.14982212397027506,1
0.15607955931304351,0.1554165161913944,0
0.4923617507513377,0.17139841557371494,0
0.05783656592649533,0.771866496294613,1
0.5559683306284007,0.3410138816339794,1
0.07285307923622408,0.18478533522323748,0
0.22236582586808584,0.779162984168485,1
0.8587760131634967,0.3098697085963137,1
0.3396184593232301,0.26444330330371024,0
0.6173607514999482,0.06740783595403599,1
0.5569251678433784,0.32819404274892794,1
0.16532032227716598,0.08829420858991366,0
0.5594322880697642,0.880106517836932,0
0.2229311945746416,0.10415444823237918,0
0.40933351758681824,0.023485593080389555,0
0.5857576043013009,0.6558561879336765,0
0.47629293383828397,0.34329384237180094,0
0.915179845527232,0.8994574505248947,0
0.9664311058096539,0.2501377365034606,1
0.5547509468049195,0.24077185804555656,1
0.5750940612872085,0.5370222927249174,0
0.13117358942586965,0.08162558947111143,0
0.15183533222993562,0.6630290723877783,1
0.8836016392069018,0.30452863610223946,1
0.02267229998776521,0.9907001862699187,1
0.17259773562096237,0.3395402786667051,0
0.611809772243543,0.5960264889599763,0
0.1452215237510387,0.8022181848057635,1
0.3512253353499861,0.7395030890641375,1
0.6801103186576452,0.04185163490429844,1
0.019619580004252235,0.7185344827001803,1
0.2491843521673408,0.5596068700261772,1
0.8965849383502776,0.9003710675446723,0
0.6007321445212894,0.08212064823133614,1
0.26166549084300916,0.499880206627472,0
0.7449507749253353,0.753151660158794,0
0.5371797945766883,0.9929308354125916,0
0.4410185840442,0.3881324555298262,0
0.08490356101134733,0.42007584967090694,0
0.447718144973661,0.3617800569413938,0
0.44437413578003715,0.07297679666850354,0
0.3392200809963738,0.971098267842803,1
0.22556485237693313,0.5706263516927249,1
0.7555033953413118,0.4340082294493055,1
0.7046033844531313,0.4215201250075852,1
0.0563271195543017,0.6478133752375735,1
0.9952264637858409,0.5759595217086966,0
0.011116453235380686,0.558270432625112,1
0.12372805901886164,0.027893736601051322,0
0.4084811294236891,0.4355884177972946,0
0.24104264869176595,0.565753577448126,1
0.5068332016359572,0.04346155663416251,1
0.04670987480801303,0.5650433733128878,1
0.25279728265789003,0.23252570289548635,0
0.3991148455204545,0.03320439260094998,0
0.5626582052778728,0.19123904524917323,1
0.8280100681990245,0.05533582411300808,1
0.012974194134709238,0.9102714612975366,1
0.12798805883995457,0.937708410632576,1
0.3539071665153187,0.7576527251473296,1
0.48642235070568407,0.8208575777967071,1
0.8653333334357257,0.6865673078801011,0
0.7761262199435814,0.20095077507152181,1
0.04343897118850648,0.13645904431350275,0
0.8866708295004269,0.2732067088762774,1
0.17444682495595365,0.85951216765387,1
0.047334531501461274,0.6065270137009342,1
0.6142470157677008,0.8661511084668826,0
0.5220132166357063,0.035564697209480745,1
0.32546646637307586,0.0018952572841539617,0
0.39568201767463784,0.6235346380616531,1
0.2831557224885113,0.5184826447146251,1
0.6222115775007151,0.36379458891092575,1
0.9150965305040609,0.5048641830287829,0
0.9029951585960144,0.6241113736915584,0
0.20081226862237844,0.4900897985630761,0
0.8538882774876685,0.2896109614224822,1
0.929540459020969,0.25365198829162683,1
0.8350680928702573,0.30653845089071563,1
0.29392548538408647,0.35145576030058046,0
0.9165627979112474,0.9350232683032942,0
0.4474065490798368,0.10100211307908413,0
0.009934855054880787,0.8785319794817505,1
0.5627381692171378,0.9611798326863378,0
0.5532480079729077,0.5283863437134102,0
0.16193810279680687,0.9786705131244736,1
0.1799785676812221,0.3414407720155994,0
0.5600733361348669,0.330893882602725,1
0.6530797981941177,0.33447247266124647,1
0.6544886656315672,0.9729551049924978,0
0.1788632341432005,0.6841110837545282,1
0.24773524832171523,0.1469233533618105,0
0.6288116889785126,0.9259281089270174,0
0.6906147584083963,0.31022958262115097,1
0.2535834627749811,0.8237577778584387,1
0.3409783752237139,0.5117835215805735,1
0.8481254100880361,0.10055266825961096,1
0.44247971893986193,0.1412797684556072,0
0.8772362507810838,0.9198079685620625,0
0.00507504905203171,0.59830111299053,1
0.01573322839722524,0.39284305129887465,0
0.5357624844717865,0.008562017717403836,1
0.9987421072963979,0.0559299414458887,1
0.537747064340237,0.15602678605969944,1
0.8736241745411669,0.8782791393487493,0
0.925861988985952,0.294312446075478,1
0.0801420542611545,0.8973008164165358,1
0.8244425891058024,0.3940566432567991,1
0.410095685047418,0.6917389479356688,1
0.38953827143331365,0.7567686079639785,1
0.7868761834851077,0.9174112350196795,0
0.35234544595517214,0.3254660544807624,0
0.8290121885924232,0.2507116231395756,1
0.009329725620601081,0.4688228207256605,0
0.8425238555769266,0.12956635482252454,1
0.28450924563317803,0.5863253793069725,1
0.15061551799902606,0.8332445762101942,1
0.3048943453622329,0.9899056153153212,1
0.26815987833962474,0.2938591415464774,0
0.0874508158900632,0.7868321294769203,1
0.3031842213880366,0.3628111965020421,0
0.5659974134248991,0.38058890028375336,1
0.8051466147761843,0.6838050453894078,0
0.4679533530068407,0.8098630111886888,1
0.3715991812620929,0.18065235669858504,0
0.3237992478149915,0.9557559103730073,1
0.24446691489139027,0.5753201167625338,1
0.27335559572758383,0.12919517754358434,0
0.4867792208021443,0.1334361810905096,0
0.7927913329252672,0.7768135659120744,0
0.734927180426994,0.5776661886051865,0
0.7021765750113658,0.5782975160341451,0
0.6838699835334755,0.6784133736398495,0
0.4702120667778159,0.18578381437966052,0
0.08472390959327902,0.7889981601694845,1
0.03394555375812092,0.35818130823787875,0
0.8942232737645751,0.7483035980781422,0
0.39698456606354926,0.47294614478068264,0
0.7055658508902282,0.4372588888055223,1
0.7988574159917862,0.8885954105125665,0
0.7381503025664221,0.7693633320260856,0
0.8464738699762353,0.6124423886213992,0
0.9399802487120996,0.11725729856649958,1
0.9219778677673117,0.1615323681442642,1
0.3643049768453742,0.7418714465645563,1
0.7253413347357988,0.9956398275154169,0
0.05178092158515768,0.2590559650267704,0
0.9725570554260926,0.08814467262307935,1
0.6763189593638557,0.49324002960225355,1
0.8130337314491768,0.9024864553219066,0
0.647243431832498,0.8824510889875271,0
0.645712153693263,0.7344338376382917,0
0.5441074517744366,0.4055477334679801,1
0.6197981523642766,0.286776283012422,1
0.16202834433418656,0.5851853498369897,1
0.5682800569659896,0.1176136719713623,1
0.9701474670465111,0.1529568087187123,1
0.04290494650335419,0.06941769863146752,0
0.20983851916020013,0.031058381742365748,0
0.23891502183340518,0.3910060756579138,0
0.4885764597273633,0.08644451109200946,0
0.2395521360690246,0.5512124548554654,1
0.07635953122761041,0.7526862185335872,1
0.32703103729265415,0.2935700553736619,0
0.6255172442082005,0.6947522398536669,0
0.6103010593401974,0.4737463121729979,1
0.9554797615673344,0.4447750720531045,1
0.020881979992197097,0.52280338653331,1
0.783934621898272,0.6030090628641871,0
0.7758809460382262,0.5252389608255393,0
0.9500440050557223,0.6270536940035398,0
0.5756921208768415,0.5045260514291361,0
0.8928275130504177,0.4740314292065846,1
0.34315088125344617,0.5787889639199931,1
0.40890419290429414,0.8474928700921527,1
0.6183312450346965,0.020648502201994212,1
0.3840189812488636,0.6134744275704596,1
0.20815842974286847,0.6048557397755486,1
0.7746845232933102,0.340878685193997,1
0.8935724582023888,0.8167857199471489,0
0.3883881396954295,0.4871545148826347,0
0.18879716326916918,0.5685344404885441,1
0.9387111857617747,0.10305563686101193,1
0.8085736115040101,0.2687002850037833,1
0.3160927823700035,0.8474057944885617,1
0.4136586982670115,0.08003910598135988,0
0.9536442263773613,0.6940620558804542,0
0.16249449384190384,0.16581709871314954,0
0.6847611963052094,0.8728581866492848,0
0.9005284521535213,0.7002038223143114,0
0.5759128029778806,0.4031643287674652,1
0.70175762996206,0.0847487793587659,1
0.5222910285218342,0.8283221792628757,0
0.9340864181136233,0.6200657143250485,0
0.9028613828394749,0.7140395206901015,0
0.2869763753918161,0.7516539838296294,1
0.39020361986284957,0.6438583333512725,1
0.13369739798106373,0.33180468362897575,0
0.05999195370976251,0.8594916089019319,1
0.47403146999706613,0.771756658731424,1
0.48527868377876604,0.16230254555136492,0
0.6823583990900056,0.28669902466160024,1
0.3963163487548842,0.23139496391368997,0
0.3156031235737261,0.9383362293058816,1
0.0904057905564376,0.16173825659394336,0
0.6943107590671108,0.6853482140555666,0
0.9783219041059127,0.3183058950908737,1
0.8381945048893319,0.6719782302307756,0
0.025855325978273114,0.1287922705491933,0
0.7930516379682078,0.44594115407208845,1
0.6249025716223816,0.23944424099936068,1
0.8374258168188424,0.2884089154980187,1
0.6565607947462742,0.6525904087893166,0
0.44512360756014935,0.6544028709666566,1
0.08052055350159937,0.6299927488153069,1
0.3627595444984274,0.7614291827356958,1
0.48909154930007015,0.013490973668561557,0
0.42970988891002226,0.5126616038224481,1
0.10097953090113432,0.7591224555314494,1
0.6000051641292077,0.6393055877349658,0
0.845668826253109,0.16365134955661043,1
0.5444132835746363,0.32675286800867887,1
0.0003237981286264846,0.7313702447549532,1
0.020118055880784302,0.2869159104729473,0
0.4312561187617583,0.6286708108237488,1
0.8424508113452441,0.296211507306107,1
0.26063908595631613,0.5247415823332287,1
0.3165214113918433,0.6533870317689823,1
0.9934563713205974,0.07558279526524148,1
0.7973233649240798,0.31922264563689473,1
0.4023027756922336,0.8232970817138303,1
0.23202273485098968,0.899695385652992,1
0.45711775425052237,0.15358426480634235,0
0.8636176864892096,0.769245014070223,0
0.9112728420277951,0.9985730228376657,0
0.3749204704183632,0.18754745725912148,0
0.38785294330236386,0.6916566579755062,1
0.19476039929763445,0.0741989446679503,0
0.68706559748726,0.4889645765236783,1
0.2087346021157741,0.7463549974879073,1
0.05890223053298149,0.10385688467182108,0
0.03465946850331658,0.8413613784090339,1
0.8388593284083967,0.9432011405760353,0
0.2309212378146307,0.5876952622570919,1
0.59799053823218,0.7906475513502735,0
0.43340624237121517,0.9701150677140148,1
0.30016107964540606,0.11614223277022095,0
0.1885708359320899,0.920801625793521,1
0.6257552711745149,0.8882381604268923,0
0.6202993355018236,0.45441918000197334,1
0.9013732380146319,0.783347628620191,0
0.9754373244452732,0.2086631229917043,1
0.0072057576006622215,0.011315496083081578,0
0.6872732857359025,0.853944969453947,0
0.9581222478794477,0.16288097537059,1
0.09037058908233919,0.19192878083283604,0
0.4041822762706291,0.8427293026390036,1
0.38624397549686684,0.3354586168259831,0
0.9845830434516099,0.3690278575938861,1
0.15410701702569574,0.7919071947108752,1
0.14310410896843917,0.8999815937598955,1
0.43230555454454156,0.35405658547401775,0
0.8542484545456465,0.24708000669970098,1
0.13370079283028857,0.16374135983091676,0
0.45310856527427545,0.0955933875639483,0
0.13920713737098878,0.7994683664122405,1
0.8486544947137865,0.2602466754740763,1
0.36258088130534016,0.9651293265958536,1
0.8996614831460049,0.9787542181065626,0
0.014599619515453632,0.5243588719977212,1
0.8284412304329195,0.8084075096447276,0
0.7516281942024884,0.8955835574692655,0
0.10907632029390701,0.4855274121561832,0
0.9681409029092652,0.7163063779113259,0
0.30922406430239013,0.8819476652437743,1
0.04607597410779196,0.3515430377410197,0
0.9402630250891417,0.4897181865961002,1
0.08733042638082777,0.19574093465291353,0
0.6233497371465178,0.16817107575416623,1
0.32881812117158005,0.8629495902257319,1
0.10420840743415827,0.5352154301629183,1
0.29832516422826694,0.31315092290641644,0
0.5616571162451169,0.34506692990814014,1
0.22718398398517237,0.18649312262104578,0
0.22405123909735147,0.1785113488753448,0
0.4799247874893283,0.19901928718524264,0
0.16257368238023484,0.4689549947830407,0
0.3509349164460679,0.14666492724843627,0
0.8588214218536152,0.18551525922883383,1
0.421474148840002,0.6264438334282019,1
0.6740096494906048,0.07099662995790657,1
0.3660198468468209,0.7738523940047537,1
0.2514694728979193,0.8398075780893401,1
0.9752702650518343,0.05142507473926039,1
0.5539301846598464,0.7867595641080876,0
0.9422105398364168,0.9356684039260901,0
0.7503706693011137,0.09616205311744985,1
0.1803958409263462,0.31137551579769185,0
0.08969092785732302,0.5863818620855428,1
0.16527662710848934,0.8135369494451377,1
0.5647329472162279,0.4289901134747126,1
0.20879803617353154,0.007735893873092703,0
0.1625369434664501,0.1643586386212038,0
0.13933524989843848,0.9400631405681664,1
0.7136415114282995,0.1915437805477126,1
0.5915972623505888,0.7358402425475813,0
0.6955465668385367,0.35343336929481206,1
0.02550675879175157,0.41338771233243277,0
0.6152383278715721,0.6362718463474921,0
0.8505966253791213,0.7180178070197385,0
0.5489067978564283,0.8809405299196668,0
0.6775550150301203,0.8911851775052526,0
0.211104035197772,0.9713551348215718,1
0.15855610277923315,0.5633631854296256,1
0.3611612544551709,0.8908746123815913,1
0.42836869894554197,0.1632195114588476,0
0.8204574174767111,0.6914325555820612,0
0.9969678121917309,0.12877117559552598,1
0.07124291074843947,0.03524146824269869,0
0.05694487413699778,0.29914713388671665,0
0.293004926506539,0.7663980904957405,1
0.5705710564082697,0.48978229104690374,1
0.7069338360303157,0.9597123708552975,0
0.5861626157912609,0.8389203520912161,0
0.1580441572338538,0.5324526693334043,1
0.0011673996441158296,0.010505107969769778,0
0.0893029890156104,0.34736425231354073,0
0.008606239207055055,0.9856111410545035,1
0.5089289065106612,0.24626286254450824,1
0.40617501886917684,0.3945056469895568,0
0.9829334974950185,0.8107538533995795,0
0.6384178205533234,0.613067320082712,0
0.2477492324803111,0.6716271982110752,1
0.33252233445026214,0.6533083720094526,1
0.8243546339577815,0.5465281653198201,0
0.9074789073313155,0.47120401435806525,1
0.6006568233382117,0.6932566150396465,0
0.6838707569483068,0.7026151793002462,0
0.4962570973475937,0.011966323043247407,0
0.8960213277953111,0.16016553139296885,1
0.13637985209780246,0.05345145239946836,0
0.21844579922738605,0.3598325870796515,0
0.34150802751236664,0.8072167533351193,1
0.28865550371832527,0.14672468513878212,0
0.05777521005568642,0.9011246626526469,1
0.632309259282988,0.2589011754575359,1
0.619513292579348,0.9869848365695547,0
0.27362675502260425,0.8678143469958257,1
0.5074206395580511,0.8092053225016932,0
0.24326236066285423,0.7918952436055858,1
0.7641858606768265,0.027834426874063456,1
0.9490767770203924,0.7140524808050268,0
0.4936823969940948,0.061899206647272775,0
0.07262183774798292,0.36495326239613735,0
0.13741541508693067,0.9872462001185192,1
0.1857455501300791,0.8500748848912005,1
0.80949206574716,0.7022370693272852,0
0.8509204854759074,0.678408589274004,0
0.3667461210924102,0.010776534750678524,0
0.46593416305024893,0.6751573557816026,1
0.316042883301486,0.7213710549935386,1
0.49714884921498326,0.6891177012954542,1
0.505578367386554,0.47423078716555944,1
0.5144346447032423,0.8123115944173231,0
0.35454105852622886,0.6747103434617048,1
0.5820310497451382,0.10049432250451851,1
0.24886788695082707,0.08515321983803525,0
0.5227961149955529,0.814513215254259,0
0.15443179781287086,0.34760324054206926,0
0.19770151162462768,0.4071240310247358,0
0.58598982669705,0.7179357245006665,0
0.6174393701434837,0.08113883924937226,1
0.2268433108880813,0.5853296646396247,1
0.44138248460736484,0.3124997323288674,0
0.6952912953792904,0.15523051489447237,1
0.7460011618793301,0.26600791515134725,1
0.5862955397305221,0.014305823924050665,1
0.33474063024197365,0.6316037873986483,1
0.8418369340689367,0.35636630200556074,1
0.3889901609385559,0.20044168121186767,0
0.017489080090351883,0.6716582012708052,1
0.8412475505020497,0.20513200771174245,1
0.9088419029522227,0.011126208728048259,1
0.945158444822349,0.9016865875794458,0
0.3902869654760225,0.2073803592317255,0
0.529797950460545,0.34953795332238236,1
0.7718203858014119,0.3404271755536028,1
0.11698158987982299,0.48988868433017574,0
0.7880618663762233,0.04485273732190298,1
0.9538269415774566,0.8162549683063125,0
0.9792638989999806,0.1705043506167946,1
0.819604898516553,0.1603630247535297,1
0.6378688522815662,0.4210417727179172,1
0.6192750057364554,0.32168490358900326,1
0.3819739779119756,0.24445245678970717,0
0.4850434236852422,0.337352950032094,0
0.4301266730086558,0.8447058835384021,1
0.6259039279779457,0.22623300752812125,1
0.37846125602023706,0.3369513473078737,0
0.1322623262873549,0.28583377534997145,0
0.9472268744961798,0.5818330396636018,0
0.807202015815918,0.029125089092134626,1
0.13993143239555272,0.1388755185981727,0
0.9469015387658848,0.5336470946142936,0
0.5601514595493031,0.5013206825015593,0
0.07316610769610488,0.2908277899180832,0
0.7641144503343268,0.37023885377428944,1
0.16070164336077175,0.5124804299977886,1
0.041133956278699646,0.8848414082951617,1
0.9493490966847106,0.12713360773670035,1
0.3657830157759766,0.4738243944847743,0
0.6358791630567326,0.6201263442584176,0
0.8708540849945838,0.43170417805068195,1
0.5354868402413009,0.049732984717545836,1
0.20872675737632929,0.018950526025085845,0
0.12108097684535657,0.7836618998017867,1
0.19409716849401049,0.3955073050473067,0
0.18530687025951853,0.6429550419161324,1
0.11489735655503108,0.055834392639117825,0
0.038483969289868636,0.06295284363371167,0
0.2748971701027819,0.9486238820358472,1
0.7332421646014937,0.5312803148235618,0
0.8352083247983688,0.648707185652255,0
0.19138786905601202,0.2650419254300844,0
0.5664249444008403,0.8810686166541069,0
0.7839245460818255,0.7116116689625241,0
0.7377925692015463,0.22899688374755112,1
0.04739641736463318,0.23949266856625862,0
0.8667317082737043,0.07507187116774094,1
0.20576483869440532,0.3844683627003903,0
0.5718296302948837,0.4925443537404913,1
0.4917033162383917,0.45251293075320975,0
0.6831386792485055,0.9799543174018378,0
0.3462278410727272,0.06921144100434329,0
0.45565300462824576,0.7309126095199694,1
0.5621864167155816,0.3899409343741256,1
0.7587314753558314,0.5065526843230483,0
0.3930099839923781,0.2871260606352767,0
0.9345782038864504,0.5531198081609526,0
0.7179367952845934,0.7483844726334107,0
0.04140717039163733,0.9480612133417491,1
0.3843915460466004,0.22283714085157247,0
0.9805273851212071,0.7104536835071665,0
0.7897370132711974,0.2895073699938102,1
0.9754987986520522,0.3216141433148826,1
0.3964531275344957,0.9623721205875008,1
0.24811940368331353,0.21162085897626148,0
0.6651308079504138,0.48460592724118656,1
0.9363285230769435,0.902235684629845,0
0.3399004621745346,0.1684478414025875,0
0.7450045349247659,0.599544943217536,0
0.09335109961022969,0.6930213950188151,1
0.00630628622406626,0.34456627676448126,0
0.3884279289063485,0.8502778640863248,1
0.6961968211207947,0.4407573808975208,1
0.32158246541846736,0.5757665195539171,1
0.3317220744907555,0.13728699462244065,0
0.7690361400044305,0.7582020013707762,0
0.8038454211711134,0.6559067202791016,0
0.47391128360000245,0.7925860054132926,1
0.2966846020153595,0.28938815445876365,0
0.023131300077028905,0.4136048487924332,0
0.1353559410825318,0.9582217280333701,1
0.18626667944770503,0.9339566928027654,1
0.9331473249348742,0.2166802368332027,1
0.9390675008225781,0.6161685655073504,0
0.7382505502588121,0.6152740784793537,0
0.032317956309335316,0.25759597054235583,0
0.7212515884483808,0.4254526122254717,1
0.11415708554237591,0.6709659423935798,1
0.2725856507825314,0.006797108123662965,0
0.8839357048613655,0.764399704483122,0
0.14279660551842022,0.47712927398542515,0
0.5999498428990458,0.07293138365065421,1
0.5465740070090866,0.5459596906574276,0
0.918839824070586,0.5071982686675925,0
0.7070860816087957,0.6893592237507001,0
0.5144559216319012,0.23134595093383337,1
0.31530074463171276,0.06972797456293778,0
0.38883151316646714,0.42572641993374816,0
0.3322474218909047,0.48703128506734716,0
0.9669334583056308,0.020855709281130674,1
0.1262502501012932,0.5927438994841372,1
0.7917951112972149,0.7122409303741849,0
0.22670909739666523,0.7420040851051385,1
0.9988368019204916,0.7404655745936406,0
0.8303932778082851,0.24434788444667543,1
0.8021523900743954,0.5112804166552403,0
0.9499544882593104,0.4616839531126762,1
0.832418183994815,0.6340841947486057,0
0.5245644535870136,0.37007167701275223,1
0.7258181581941274,0.9116553045006787,0
0.1799256334660494,0.6629778668360744,1
0.5906845930986722,0.7937355843642642,0
0.5831404985471706,0.5347444400203216,0
0.04476478025327724,0.07763227965805652,0
0.4732593791208123,0.28345081814111206,0
0.7999860496085824,0.2438011422067492,1
0.7229505960684567,0.9332672944761976,0
0.05929883051843543,0.062456046332722615,0
0.5249812837914921,0.677904260246534,0
0.587404098541264,0.11516293330653882,1
0.1563152305805855,0.6941948061718375,1
0.7558023758592972,0.5095008880043975,0
0.892477353051696,0.5671293330862995,0
0.3063007341127687,0.4133156626853496,0
0.303657199051493,0.790189141197857,1
0.8968433752915711,0.7142666666577205,0
0.8373170412994588,0.5556425788155347,0
0.892438959514182,0.4508308761254397,1
0.4196956777775147,0.9354700686381411,1
0.7528935495596827,0.9743328723422439,0
0.29514413496205993,0.7214628910539588,1
0.7373594812362206,0.6591339609895529,0
0.9163956148147162,0.5222972368454666,0
0.3055360564089111,0.7300110627769065,1
0.9263855222403677,0.8172218940270775,0
0.6840997253255395,0.5579844340151549,0
0.07266154094671218,0.9732374739020436,1
0.5987801279820641,0.9467508955881158,0
0.015766940142052155,0.016398240471750425,0
0.026433682400839653,0.08104937196560869,0
0.42259598387549646,0.7489312272801762,1
0.8529428308754188,0.18237514407261501,1
0.9150378250872713,0.23889014562444555,1
0.19494296465046035,0.5030895289591919,1
0.19246985537126304,0.4566113873192601,0
0.5618472060892121,0.9361532491567474,0
0.9453055843630493,0.630346145252947,0
0.6634481315388571,0.5498812260512029,0
0.5905866997919915,0.819997431978437,0
0.9053653554828792,0.4012682449007493,1
0.48566746798949034,0.08753050716829947,0
0.5498740443534987,0.9928873392054107,0
0.6219837671443535,0.1150088464215443,1
0.6714813140733964,0.25462969661568446,1
0.36015162594191585,0.41121138649341094,0
0.17258272882630699,0.754542030228083,1
0.2430237321813985,0.46219799865863065,0
0.5056864971546563,0.6913588881257055,0
0.9202676321279095,0.21530132787049072,1
0.2433132653211647,0.3080343312756113,0
0.31632646051511093,0.15786195503679024,0
0.5435446731779239,0.5067716105920655,0
0.5159730904308647,0.6369883266339968,0
0.28420226090262557,0.4236427214347628,0
0.6370622912848497,0.872649712301637,0
0.2804843550435707,0.501873187411669,1
0.3677240008358349,0.22116723010213457,0
0.22091409026685316,0.23419146995488938,0
0.6201189648237893,0.2617971313711487,1
0.03203651864206769,0.013037768356443435,0
0.3926457082307663,0.8524198607758865,1
0.8504486741126234,0.45605839436102424,1
0.6279607891423449,0.2786942768629058,1
0.18172614999723036,0.3077175423838051,0
0.35332288731171146,0.4764326971148751,0
0.7270856943027169,0.3315536543809793,1
0.27909560550789414,0.09947189575061455,0
0.24987148623214828,0.8775134749942192,1
0.6908120006231123,0.2472954500743162,1
0.13596513563020585,0.43408710241803283,0
0.6236257767577839,0.17583819013899116,1
0.18230595904538138,0.28368262160106616,0
0.6929307425036975,0.7448069369923165,0
0.1589694362036197,0.13343840599444823,0
0.7452991618257793,0.6336562050296932,0
0.2609469106679969,0.9280912555986497,1
0.04708451176151618,0.5241041739269021,1
0.6009726958187327,0.8156960651699358,0
0.322361179611793,0.030826836988552153,0
0.04203000635918108,0.840420015468993,1
0.7975400599125089,0.969831988722772,0
0.5963363361930594,0.562299758037488,0
0.3381684080509636,0.5888270862489816,1
0.4360237079046594,0.02392283495675096,0
0.24934107246346116,0.4838470620695261,0
0.5085362477248425,0.4293677650771275,1
0.1017529601407633,0.9541584773505298,1
0.9976196955592915,0.5997921643265047,0
0.384339871985407,0.7049706057646051,1
0.37306758588210653,0.22972737919567232,0
0.008747437694114346,0.6140617850950025,1
0.1958804246348418,0.02112499799036094,0
0.3370647430087258,0.7853052778799702,1
0.12791769732677505,0.5302762879673941,1
0.6213968342602085,0.2889061359302416,1
0.0035912107951185934,0.6009260022267658,1
0.9134712410664225,0.5908363752197328,0
0.7439568596322312,0.4701820651491767,1
0.4634076868372291,0.5436132735711278,1
0.010416222697026467,0.5967356104340144,1
0.5615768160596779,0.8268145828822118,0
0.22779262236610487,0.04390907242592057,0
0.5179160106049939,0.5705576699400736,0
0.791906905239817,0.4943873992053974,1
0.12009930513096267,0.39106573907808717,0
0.6228422733783939,0.22932591246847922,1
0.6626391294128133,0.6877242555567852,0
0.444892468982673,0.12217904724476714,0
0.5408403686390048,0.37278840371309274,1
0.8407471168172849,0.01092844923190428,1
0.3019527602545067,0.7509540048152863,1
0.8945177365377719,0.2798957251673808,1
0.2859557114612927,0.6940604516762352,1
0.7649174400536923,0.8797825806210319,0
0.7653307983237845,0.37104067862788037,1
0.020954291676921755,0.04633772506568423,0
0.2664140225862415,0.6420535683895642,1
0.08337337381893328,0.31477586397181123,0
0.6096582187895865,0.08011861485457306,1
0.8856204824718956,0.13286088869617274,1
0.10003896452913275,0.20580400966552315,0
0.7888570005770402,0.6892312967577643,0
0.2125440838787902,0.3730498117770765,0
0.6051916069408778,0.16153081063239716,1
0.5505646788353172,0.4283684104651304,1
0.40216228875416093,0.28159820335674823,0
0.03704445273421886,0.5888244531339428,1
0.7094778985221483,0.06147299525769656,1
0.8495351042732078,0.8049077720255992,0
0.10928891222001513,0.8246648763175308,1
0.24858828294498514,0.9906141280901339,1
0.6847219499452153,0.550349816567154,0
0.9908605815930713,0.27166414780509074,1
0.6733602592733463,0.4884078428584824,1
0.07012440945074727,0.4111188098965385,0
0.9894361783322299,0.2774942329211335,1
0.08848680693124289,0.6670209965293855,1
0.18096890747829297,0.2940109896733639,0
0.6203475481603072,0.5542461354628437,0
0.05892269619191304,0.2339347445669019,0
0.5587033180542984,0.7305604551790426,0
0.004553880625180251,0.812832010951455,1
0.19448634149573907,0.5079589028211606,1
0.11680925568338374,0.04176250964704786,0
0.4344702203681208,0.1223943818376323,0
0.16628521635847937,0.3573137164613466,0
0.42834974499284084,0.713488340062932,1
0.45438106958564184,0.5782931656977527,1
0.17581172604945217,0.4584170202348976,0
0.5079684547523774,0.8729624713187449,0
0.27482347046609845,0.14006943738481625,0
0.026249385738103648,0.05077862227838226,0
0.05195776641198013,0.7889564390625519,1
0.05301048633148475,0.05313917732610485,0
0.8088626123181839,0.7958508129412898,0
0.5298942972055628,0.8960138820521336,0
0.262030472623927,0.5605427690358324,1
0.5305704037687841,0.5136204030364447,0
0.2267059220823786,0.5722731821067433,1
0.13959018760366604,0.32107395413852624,0
0.1632262552641668,0.7983269279826214,1
0.0842622872134603,0.7981174897541878,1
0.5214761623998497,0.5907046388127053,0
0.3191634011089305,0.3620433091489669,0
0.9571656334552466,0.9279850459106809,0
0.13556650401965242,0.45260170956883927,0
0.7307619690022351,0.8133637223399609,0
0.9605276326639032,0.7354287068032345,0
0.8063808513155722,0.8396361951726855,0
0.7320770836978089,0.07204084727095106,1
0.10237877905299053,0.9877403642776399,1
0.9782377991548618,0.3592773657489986,1
0.4459361678289637,0.8433442895102242,1
0.8537089023522653,0.20881769807819195,1
0.8091001643684427,0.30926352958354275,1
